Year,Rank,Country,Happiness Score,Economy (GDP),Freedom,Trust (Government),Health
2015,1,Switzerland,7.587,1.39651,0.66557,0.41978,0.94143
2015,2,Iceland,7.561,1.30232,0.62877,0.14145,0.94784
2015,3,Denmark,7.527,1.32548,0.64938,0.48357,0.87464
2015,4,Norway,7.522,1.459,0.66973,0.36503,0.88521
2015,5,Canada,7.427,1.32629,0.63297,0.32957,0.90563
2015,6,Finland,7.406,1.29025,0.64169,0.41372,0.88911
2015,7,Netherlands,7.378,1.32944,0.61576,0.31814,0.89284
2015,8,Sweden,7.364,1.33171,0.6598,0.43844,0.91087
2015,9,New Zealand,7.286,1.25018,0.63938,0.42922,0.90837
2015,10,Australia,7.284,1.33358,0.65124,0.35637,0.93156
2015,11,Israel,7.278,1.22857,0.41319,0.07785,0.91387
2015,12,Costa Rica,7.226,0.95578,0.63376,0.10583,0.86027
2015,13,Austria,7.2,1.33723,0.62433,0.18676,0.89042
2015,14,Mexico,7.187,1.02054,0.48181,0.21312,0.81444
2015,15,United States,7.119,1.39451,0.54604,0.1589,0.86179
2015,16,Brazil,6.983,0.98124,0.49049,0.17521,0.69702
2015,17,Luxembourg,6.946,1.56391,0.61583,0.37798,0.91894
2015,18,Ireland,6.94,1.33596,0.61777,0.28703,0.89533
2015,19,Belgium,6.937,1.30782,0.5845,0.2254,0.89667
2015,20,United Arab Emirates,6.901,1.42727,0.64157,0.38583,0.80925
2015,21,United Kingdom,6.867,1.26637,0.59625,0.32067,0.90943
2015,22,Oman,6.853,1.36011,0.63274,0.32524,0.76276
2015,23,Venezuela,6.81,1.04424,0.42908,0.11069,0.72052
2015,24,Singapore,6.798,1.52186,0.54252,0.4921,1.02525
2015,25,Panama,6.786,1.06353,0.5421,0.0927,0.79661
2015,26,Germany,6.75,1.32792,0.61477,0.21843,0.89186
2015,27,Chile,6.67,1.10715,0.44132,0.12869,0.85857
2015,28,Qatar,6.611,1.69042,0.6404,0.52208,0.79733
2015,29,France,6.575,1.27778,0.55011,0.20646,0.94579
2015,30,Argentina,6.574,1.05351,0.44974,0.08484,0.78723
2015,31,Czech Republic,6.505,1.17898,0.46364,0.02652,0.84483
2015,32,Uruguay,6.485,1.06166,0.60362,0.24558,0.8116
2015,33,Colombia,6.477,0.91861,0.53466,0.0512,0.69077
2015,34,Thailand,6.455,0.9669,0.55664,0.03187,0.7385
2015,35,Saudi Arabia,6.411,1.39541,0.31048,0.32524,0.72025
2015,36,Spain,6.329,1.23011,0.45951,0.06398,0.95562
2015,37,Malta,6.302,1.2074,0.60365,0.13586,0.88721
2015,38,Taiwan,6.298,1.29098,0.3974,0.08129,0.8753
2015,39,Kuwait,6.295,1.55422,0.55499,0.25609,0.72492
2015,40,Suriname,6.269,0.99534,0.59657,0.13633,0.6082
2015,41,Trinidad and Tobago,6.168,1.21183,0.55884,0.0114,0.61483
2015,42,El Salvador,6.13,0.76454,0.4035,0.11776,0.67737
2015,43,Guatemala,6.123,0.74553,0.57733,0.09472,0.64425
2015,44,Uzbekistan,6.003,0.63244,0.65821,0.30826,0.59772
2015,45,Slovakia,5.995,1.16891,0.31751,0.03431,0.78902
2015,46,Japan,5.987,1.27074,0.49615,0.1806,0.99111
2015,47,South Korea,5.984,1.24461,0.33208,0.07857,0.96538
2015,48,Ecuador,5.975,0.86402,0.48574,0.1809,0.79075
2015,49,Bahrain,5.96,1.32376,0.45492,0.306,0.74716
2015,50,Italy,5.948,1.25114,0.26236,0.02901,0.95446
2015,51,Bolivia,5.89,0.68133,0.57414,0.088,0.5392
2015,52,Moldova,5.889,0.59448,0.32818,0.01615,0.61826
2015,53,Paraguay,5.878,0.75985,0.53899,0.08242,0.66098
2015,54,Kazakhstan,5.855,1.12254,0.51649,0.08454,0.64368
2015,55,Slovenia,5.848,1.18498,0.60855,0.03787,0.87337
2015,56,Lithuania,5.833,1.14723,0.21342,0.01031,0.73128
2015,57,Nicaragua,5.828,0.59325,0.55475,0.19317,0.74314
2015,58,Peru,5.824,0.90019,0.41496,0.05989,0.73017
2015,59,Belarus,5.813,1.03192,0.37938,0.1909,0.73608
2015,60,Poland,5.791,1.12555,0.53122,0.04212,0.77903
2015,61,Malaysia,5.77,1.12486,0.53024,0.10501,0.72394
2015,62,Croatia,5.759,1.08254,0.25883,0.0243,0.78805
2015,63,Libya,5.754,1.13145,0.41668,0.11023,0.7038
2015,64,Russia,5.716,1.13764,0.36679,0.03005,0.66926
2015,65,Jamaica,5.709,0.81038,0.50442,0.02299,0.68741
2015,66,North Cyprus,5.695,1.20806,0.49027,0.1428,0.92356
2015,67,Cyprus,5.689,1.20813,0.40672,0.06146,0.92356
2015,68,Algeria,5.605,0.93929,0.28579,0.17383,0.61766
2015,69,Kosovo,5.589,0.80148,0.24749,0.04741,0.63132
2015,70,Turkmenistan,5.548,0.95847,0.4761,0.30844,0.53886
2015,71,Mauritius,5.477,1.00761,0.56066,0.07521,0.7095
2015,72,Hong Kong,5.474,1.38604,0.59608,0.37124,1.01328
2015,73,Estonia,5.429,1.15174,0.44888,0.15184,0.77361
2015,74,Indonesia,5.399,0.82827,0.46611,0.0,0.63793
2015,75,Vietnam,5.36,0.63216,0.59444,0.10441,0.74676
2015,76,Turkey,5.332,1.06098,0.22815,0.15746,0.73172
2015,77,Kyrgyzstan,5.286,0.47428,0.43477,0.04232,0.65088
2015,78,Nigeria,5.268,0.65435,0.34334,0.0403,0.16007
2015,79,Bhutan,5.253,0.77042,0.53206,0.15445,0.57407
2015,80,Azerbaijan,5.212,1.02389,0.3703,0.16065,0.64045
2015,81,Pakistan,5.194,0.59543,0.12102,0.10464,0.51466
2015,82,Jordan,5.192,0.90198,0.40661,0.14293,0.69639
2015,82,Montenegro,5.192,0.97438,0.1826,0.14296,0.72521
2015,84,China,5.14,0.89012,0.51697,0.02781,0.81658
2015,85,Zambia,5.129,0.47038,0.48827,0.12468,0.29924
2015,86,Romania,5.124,1.04345,0.35068,0.00649,0.7689
2015,87,Serbia,5.123,0.92053,0.20107,0.02617,0.74836
2015,88,Portugal,5.102,1.15991,0.51469,0.01078,0.87519
2015,89,Latvia,5.098,1.11312,0.29671,0.06332,0.72437
2015,90,Philippines,5.073,0.70532,0.62545,0.12279,0.58114
2015,91,Somaliland region,5.057,0.18847,0.46582,0.39928,0.43873
2015,92,Morocco,5.013,0.73479,0.41691,0.08546,0.60954
2015,93,Macedonia,5.007,0.91851,0.33457,0.05327,0.73545
2015,94,Mozambique,4.971,0.08308,0.34037,0.15603,0.09131
2015,95,Albania,4.959,0.87867,0.35733,0.06413,0.81325
2015,96,Bosnia and Herzegovina,4.949,0.83223,0.09245,0.00227,0.79081
2015,97,Lesotho,4.898,0.37545,0.31767,0.12504,0.07612
2015,98,Dominican Republic,4.885,0.89537,0.57672,0.14234,0.66825
2015,99,Laos,4.876,0.59066,0.59591,0.24249,0.54909
2015,100,Mongolia,4.874,0.82819,0.43626,0.02666,0.60268
2015,101,Swaziland,4.867,0.71206,0.30658,0.0306,0.07566
2015,102,Greece,4.857,1.15406,0.07699,0.01397,0.88213
2015,103,Lebanon,4.839,1.02564,0.33916,0.04582,0.83947
2015,104,Hungary,4.8,1.12094,0.32112,0.02758,0.75905
2015,105,Honduras,4.788,0.59532,0.40148,0.06825,0.6951
2015,106,Tajikistan,4.786,0.39047,0.47216,0.15072,0.57379
2015,107,Tunisia,4.739,0.88113,0.26268,0.06358,0.73793
2015,108,Palestinian Territories,4.715,0.59867,0.24499,0.12905,0.66015
2015,109,Bangladesh,4.694,0.39753,0.4082,0.12569,0.60164
2015,110,Iran,4.686,1.0088,0.30033,0.05863,0.69805
2015,111,Ukraine,4.681,0.79907,0.25123,0.02961,0.6739
2015,112,Iraq,4.677,0.98549,0.0,0.13788,0.60237
2015,113,South Africa,4.642,0.92049,0.33207,0.08884,0.27688
2015,114,Ghana,4.633,0.54558,0.42342,0.04355,0.40132
2015,115,Zimbabwe,4.61,0.271,0.25861,0.08079,0.33475
2015,116,Liberia,4.571,0.0712,0.28531,0.06232,0.34201
2015,117,India,4.565,0.64499,0.39786,0.08492,0.51529
2015,118,Sudan,4.55,0.52107,0.10081,0.1466,0.36878
2015,119,Haiti,4.518,0.26673,0.24425,0.17175,0.38847
2015,120,Congo (Kinshasa),4.517,0.0,0.22605,0.07625,0.09806
2015,121,Nepal,4.514,0.35997,0.38282,0.05907,0.56874
2015,122,Ethiopia,4.512,0.19073,0.4345,0.15048,0.44055
2015,123,Sierra Leone,4.507,0.33024,0.4084,0.08786,0.0
2015,124,Mauritania,4.436,0.45407,0.24232,0.17461,0.35874
2015,125,Kenya,4.419,0.36471,0.42215,0.05839,0.41435
2015,126,Djibouti,4.369,0.44025,0.46074,0.28105,0.36291
2015,127,Armenia,4.35,0.76821,0.19847,0.039,0.7299
2015,128,Botswana,4.332,0.99355,0.49495,0.12474,0.04776
2015,129,Myanmar,4.307,0.27108,0.44017,0.19034,0.48246
2015,130,Georgia,4.297,0.7419,0.40577,0.38331,0.72926
2015,131,Malawi,4.292,0.01604,0.43054,0.06977,0.22562
2015,132,Sri Lanka,4.271,0.83524,0.53726,0.09179,0.70806
2015,133,Cameroon,4.252,0.4225,0.49309,0.05786,0.23402
2015,134,Bulgaria,4.218,1.01216,0.30587,0.00872,0.76649
2015,135,Egypt,4.194,0.8818,0.17288,0.06324,0.61712
2015,136,Yemen,4.077,0.54649,0.35571,0.07854,0.40064
2015,137,Angola,4.033,0.75778,0.10384,0.07122,0.16683
2015,138,Mali,3.995,0.26074,0.38857,0.12352,0.20583
2015,139,Congo (Brazzaville),3.989,0.67866,0.41466,0.11686,0.31051
2015,140,Comoros,3.956,0.23906,0.22917,0.199,0.36315
2015,141,Uganda,3.931,0.21102,0.45727,0.07267,0.33861
2015,142,Senegal,3.904,0.36498,0.36772,0.10713,0.4354
2015,143,Gabon,3.896,1.06024,0.31914,0.11091,0.43372
2015,144,Niger,3.845,0.0694,0.47692,0.15639,0.29707
2015,145,Cambodia,3.819,0.46038,0.66246,0.07247,0.61114
2015,146,Tanzania,3.781,0.2852,0.32878,0.05747,0.38215
2015,147,Madagascar,3.681,0.20824,0.19184,0.08124,0.46721
2015,148,Central African Republic,3.678,0.0785,0.48879,0.08289,0.06699
2015,149,Chad,3.667,0.34193,0.23501,0.05269,0.1501
2015,150,Guinea,3.656,0.17417,0.37725,0.12139,0.24009
2015,151,Ivory Coast,3.655,0.46534,0.46866,0.17922,0.15185
2015,152,Burkina Faso,3.587,0.25812,0.39493,0.12832,0.27125
2015,153,Afghanistan,3.575,0.31982,0.23414,0.09719,0.30335
2015,154,Rwanda,3.465,0.22208,0.59201,0.55191,0.42864
2015,155,Benin,3.34,0.28665,0.4845,0.0801,0.3191
2015,156,Syria,3.006,0.6632,0.15684,0.18906,0.72193
2015,157,Burundi,2.905,0.0153,0.1185,0.10062,0.22396
2015,158,Togo,2.839,0.20868,0.36453,0.10731,0.28443
2016,1,Denmark,7.526,1.44178,0.57941,0.44453,0.79504
2016,2,Switzerland,7.509,1.52733,0.58557,0.41203,0.86303
2016,3,Iceland,7.501,1.42666,0.56624,0.14975,0.86733
2016,4,Norway,7.498,1.57744,0.59609,0.35776,0.79579
2016,5,Finland,7.413,1.40598,0.57104,0.41004,0.81091
2016,6,Canada,7.404,1.44015,0.5737,0.31329,0.8276
2016,7,Netherlands,7.339,1.46468,0.55211,0.29927,0.81231
2016,8,New Zealand,7.334,1.36066,0.58147,0.41904,0.83096
2016,9,Australia,7.313,1.44443,0.56837,0.32331,0.8512
2016,10,Sweden,7.291,1.45181,0.58218,0.40867,0.83121
2016,11,Israel,7.267,1.33766,0.36432,0.08728,0.84917
2016,12,Austria,7.119,1.45038,0.54355,0.21348,0.80565
2016,13,United States,7.104,1.50796,0.48163,0.14868,0.779
2016,14,Costa Rica,7.087,1.06879,0.55225,0.10547,0.76146
2016,15,Puerto Rico,7.039,1.35943,0.46823,0.12275,0.77758
2016,16,Germany,6.994,1.44787,0.53466,0.28551,0.81487
2016,17,Brazil,6.952,1.08754,0.40425,0.14166,0.61415
2016,18,Belgium,6.929,1.42539,0.51354,0.26248,0.81959
2016,19,Ireland,6.907,1.48341,0.54008,0.29754,0.81455
2016,20,Luxembourg,6.871,1.69752,0.5487,0.35329,0.84542
2016,21,Mexico,6.778,1.11508,0.37709,0.18355,0.71143
2016,22,Singapore,6.739,1.64555,0.4877,0.46987,0.94719
2016,23,United Kingdom,6.725,1.40283,0.50036,0.27399,0.80991
2016,24,Chile,6.705,1.2167,0.37789,0.11451,0.81883
2016,25,Panama,6.701,1.18306,0.48927,0.08423,0.70835
2016,26,Argentina,6.65,1.15137,0.42284,0.07296,0.69711
2016,27,Czech Republic,6.596,1.30915,0.41418,0.03986,0.76376
2016,28,United Arab Emirates,6.573,1.57352,0.56215,0.35561,0.72993
2016,29,Uruguay,6.545,1.18157,0.54388,0.21394,0.72183
2016,30,Malta,6.488,1.30782,0.54994,0.17554,0.80315
2016,31,Colombia,6.481,1.03032,0.44735,0.05399,0.59659
2016,32,France,6.478,1.39488,0.46562,0.17808,0.83795
2016,33,Thailand,6.474,1.0893,0.49553,0.02833,0.64915
2016,34,Saudi Arabia,6.379,1.48953,0.37904,0.30008,0.59267
2016,34,Taiwan,6.379,1.39729,0.32377,0.0663,0.79565
2016,36,Qatar,6.375,1.82427,0.56679,0.48049,0.71723
2016,37,Spain,6.361,1.34253,0.37545,0.06137,0.87896
2016,38,Algeria,6.355,1.05266,0.21006,0.16157,0.61804
2016,39,Guatemala,6.324,0.83454,0.50379,0.08701,0.54039
2016,40,Suriname,6.269,1.09686,0.52234,0.12692,0.50933
2016,41,Kuwait,6.239,1.61714,0.43166,0.23669,0.63569
2016,42,Bahrain,6.218,1.44024,0.47375,0.25772,0.65696
2016,43,Trinidad and Tobago,6.168,1.32572,0.48453,0.01241,0.52608
2016,44,Venezuela,6.084,1.13367,0.19847,0.08304,0.61904
2016,45,Slovakia,6.078,1.27973,0.23391,0.02947,0.70367
2016,46,El Salvador,6.068,0.8737,0.37269,0.10613,0.596
2016,47,Malaysia,6.005,1.25142,0.39031,0.09081,0.62366
2016,48,Nicaragua,5.992,0.69384,0.46582,0.16292,0.65213
2016,49,Uzbekistan,5.987,0.73591,0.60848,0.28333,0.50163
2016,50,Italy,5.977,1.35495,0.18827,0.02556,0.85102
2016,51,Ecuador,5.976,0.97306,0.4027,0.18037,0.68613
2016,52,Belize,5.956,0.87616,0.51231,0.10771,0.45569
2016,53,Japan,5.921,1.38007,0.46761,0.18985,0.91491
2016,54,Kazakhstan,5.919,1.22943,0.4052,0.11132,0.57386
2016,55,Moldova,5.897,0.69177,0.25202,0.01903,0.52309
2016,56,Russia,5.856,1.23228,0.32682,0.03586,0.58991
2016,57,Poland,5.835,1.24585,0.4519,0.055,0.69058
2016,57,South Korea,5.835,1.35948,0.25168,0.07716,0.88645
2016,59,Bolivia,5.822,0.79422,0.50961,0.07746,0.4697
2016,60,Lithuania,5.813,1.2692,0.18929,0.0182,0.64674
2016,61,Belarus,5.802,1.13062,0.29091,0.17457,0.63104
2016,62,North Cyprus,5.771,1.31141,0.43596,0.16578,0.84142
2016,63,Slovenia,5.768,1.29947,0.53164,0.03635,0.79151
2016,64,Peru,5.743,0.99602,0.37502,0.05292,0.62994
2016,65,Turkmenistan,5.658,1.08017,0.37408,0.28467,0.44006
2016,66,Mauritius,5.648,1.14372,0.46145,0.05203,0.66189
2016,67,Libya,5.615,1.06688,0.40672,0.10339,0.52304
2016,68,Latvia,5.56,1.21788,0.27996,0.0889,0.63952
2016,69,Cyprus,5.546,1.31857,0.29507,0.05228,0.8488
2016,70,Paraguay,5.538,0.89373,0.46235,0.07396,0.58295
2016,71,Romania,5.528,1.1697,0.36712,0.00679,0.67602
2016,72,Estonia,5.517,1.27964,0.41511,0.18519,0.68098
2016,73,Jamaica,5.51,0.89333,0.43597,0.04294,0.59469
2016,74,Croatia,5.488,1.18649,0.23907,0.04002,0.70524
2016,75,Hong Kong,5.458,1.5107,0.48079,0.31647,0.95277
2016,76,Somalia,5.44,0.0,0.56778,0.3118,0.11466
2016,77,Kosovo,5.401,0.90145,0.14396,0.06547,0.54
2016,78,Turkey,5.389,1.16492,0.23889,0.12348,0.64718
2016,79,Indonesia,5.314,0.95104,0.39237,0.00322,0.49374
2016,80,Jordan,5.303,0.99673,0.36023,0.13297,0.60712
2016,81,Azerbaijan,5.291,1.12373,0.35327,0.17914,0.54504
2016,82,Philippines,5.279,0.81217,0.54854,0.11757,0.47036
2016,83,China,5.245,1.0278,0.44012,0.02745,0.73561
2016,84,Bhutan,5.196,0.8527,0.46074,0.1616,0.49759
2016,85,Kyrgyzstan,5.185,0.56044,0.40212,0.04762,0.55449
2016,86,Serbia,5.177,1.03437,0.15718,0.04339,0.6458
2016,87,Bosnia and Herzegovina,5.163,0.93383,0.09511,0.0,0.70766
2016,88,Montenegro,5.161,1.07838,0.15111,0.12721,0.63533
2016,89,Dominican Republic,5.155,1.02787,0.52259,0.12372,0.57669
2016,90,Morocco,5.151,0.84058,0.25646,0.08404,0.59471
2016,91,Hungary,5.145,1.24142,0.1977,0.04472,0.67608
2016,92,Pakistan,5.132,0.68816,0.14622,0.1388,0.40306
2016,93,Lebanon,5.129,1.12268,0.26228,0.03061,0.76171
2016,94,Portugal,5.123,1.27607,0.44727,0.01521,0.79363
2016,95,Macedonia,5.121,1.0193,0.27668,0.07047,0.64738
2016,96,Vietnam,5.061,0.74037,0.55954,0.11556,0.66157
2016,97,Somaliland Region,5.057,0.25558,0.3913,0.36794,0.33108
2016,98,Tunisia,5.045,0.97724,0.23553,0.0817,0.59577
2016,99,Greece,5.033,1.24886,0.05822,0.04127,0.80029
2016,100,Tajikistan,4.996,0.48835,0.43408,0.13509,0.53119
2016,101,Mongolia,4.907,0.98853,0.35972,0.03285,0.55469
2016,102,Laos,4.876,0.68042,0.52168,0.22423,0.38291
2016,103,Nigeria,4.875,0.75216,0.27854,0.0305,0.05108
2016,104,Honduras,4.871,0.69429,0.26755,0.06906,0.58383
2016,105,Iran,4.813,1.11758,0.22544,0.0557,0.64232
2016,106,Zambia,4.795,0.61202,0.42662,0.11479,0.23573
2016,107,Nepal,4.793,0.44626,0.37012,0.07008,0.50073
2016,108,Palestinian Territories,4.754,0.67024,0.17744,0.10613,0.56844
2016,109,Albania,4.655,0.9553,0.31866,0.05301,0.73007
2016,110,Bangladesh,4.643,0.54177,0.39778,0.12583,0.52989
2016,111,Sierra Leone,4.635,0.36485,0.30685,0.08196,0.0
2016,112,Iraq,4.575,1.07474,0.24856,0.13636,0.51076
2016,113,Namibia,4.574,0.93287,0.48614,0.10398,0.34745
2016,114,Cameroon,4.513,0.52497,0.42736,0.06126,0.12698
2016,115,Ethiopia,4.508,0.29283,0.36703,0.1717,0.34578
2016,116,South Africa,4.459,1.02416,0.42483,0.08415,0.18611
2016,117,Sri Lanka,4.415,0.97318,0.50817,0.07964,0.62007
2016,118,India,4.404,0.74036,0.40285,0.08722,0.45091
2016,119,Myanmar,4.395,0.34112,0.42692,0.20243,0.3988
2016,120,Egypt,4.362,0.95395,0.18847,0.10393,0.52116
2016,121,Armenia,4.36,0.86086,0.14037,0.03616,0.64083
2016,122,Kenya,4.356,0.52267,0.40576,0.06686,0.30147
2016,123,Ukraine,4.324,0.87287,0.12859,0.01829,0.58628
2016,124,Ghana,4.276,0.63107,0.40973,0.0326,0.29681
2016,125,Congo (Kinshasa),4.272,0.05661,0.15602,0.06075,0.188
2016,126,Georgia,4.252,0.83792,0.32461,0.3188,0.64035
2016,127,Congo (Brazzaville),4.236,0.77109,0.37938,0.09753,0.28212
2016,128,Senegal,4.219,0.44314,0.31056,0.11681,0.40457
2016,129,Bulgaria,4.217,1.11306,0.21219,0.00615,0.67806
2016,130,Mauritania,4.201,0.61391,0.1268,0.17955,0.28639
2016,131,Zimbabwe,4.193,0.35041,0.25429,0.08582,0.1595
2016,132,Malawi,4.156,0.08709,0.4143,0.07564,0.29364
2016,133,Sudan,4.139,0.63069,0.0,0.10039,0.29759
2016,134,Gabon,4.121,1.15851,0.28098,0.09314,0.3494
2016,135,Mali,4.073,0.31292,0.27544,0.13647,0.16347
2016,136,Haiti,4.028,0.34097,0.12072,0.14476,0.27494
2016,137,Botswana,3.974,1.09426,0.44089,0.10769,0.34752
2016,138,Comoros,3.956,0.27509,0.15412,0.18437,0.29981
2016,139,Ivory Coast,3.916,0.55507,0.40663,0.1553,0.04476
2016,140,Cambodia,3.907,0.55604,0.58852,0.08092,0.42494
2016,141,Angola,3.866,0.84731,0.00589,0.08434,0.04991
2016,142,Niger,3.856,0.1327,0.38041,0.17176,0.26162
2016,143,South Sudan,3.832,0.39394,0.19662,0.13015,0.15781
2016,144,Chad,3.763,0.42214,0.12807,0.04952,0.03824
2016,145,Burkina Faso,3.739,0.31995,0.3337,0.12533,0.21297
2016,145,Uganda,3.739,0.34719,0.43653,0.06442,0.19625
2016,147,Yemen,3.724,0.57939,0.2287,0.05892,0.31048
2016,148,Madagascar,3.695,0.27954,0.13684,0.07506,0.37109
2016,149,Tanzania,3.666,0.47155,0.3176,0.05099,0.357
2016,150,Liberia,3.622,0.10706,0.25748,0.04852,0.23165
2016,151,Guinea,3.607,0.22415,0.30953,0.1192,0.18829
2016,152,Rwanda,3.515,0.32846,0.5432,0.50521,0.31865
2016,153,Benin,3.484,0.39499,0.39747,0.06681,0.21028
2016,154,Afghanistan,3.36,0.38227,0.1643,0.07112,0.17344
2016,155,Togo,3.303,0.28123,0.34678,0.11587,0.24811
2016,156,Syria,3.069,0.74719,0.06912,0.17233,0.62994
2016,157,Burundi,2.905,0.06831,0.0432,0.09419,0.15747
2017,1,Norway,7.53700017929077,1.61646318435669,0.635422587394714,0.315963834524155,0.796666502952576
2017,2,Denmark,7.52199983596802,1.48238301277161,0.626006722450256,0.40077006816864,0.792565524578094
2017,3,Iceland,7.50400018692017,1.480633020401,0.627162635326385,0.153526559472084,0.833552122116089
2017,4,Switzerland,7.49399995803833,1.56497955322266,0.620070576667786,0.367007285356522,0.858131289482117
2017,5,Finland,7.4689998626709,1.44357192516327,0.617950856685638,0.38261154294014,0.80915766954422
2017,6,Netherlands,7.3769998550415,1.50394463539124,0.585384488105774,0.282661825418472,0.810696125030518
2017,7,Canada,7.31599998474121,1.47920441627502,0.611100912094116,0.287371516227722,0.83455765247345
2017,8,New Zealand,7.31400012969971,1.40570604801178,0.614062130451202,0.382816702127457,0.816759705543518
2017,9,Sweden,7.28399991989136,1.49438726902008,0.612924098968506,0.384398728609085,0.830875158309937
2017,10,Australia,7.28399991989136,1.484414935112,0.601607382297516,0.301183730363846,0.84388679265976
2017,11,Israel,7.21299982070923,1.37538242340088,0.405988603830338,0.0852421000599861,0.83840399980545
2017,12,Costa Rica,7.0789999961853,1.10970628261566,0.580131649971008,0.100106589496136,0.759509265422821
2017,13,Austria,7.00600004196167,1.48709726333618,0.567766189575195,0.221060365438461,0.815328419208527
2017,14,United States,6.99300003051758,1.54625928401947,0.505740523338318,0.135638788342476,0.77428662776947
2017,15,Ireland,6.97700023651123,1.53570663928986,0.573110342025757,0.29838815331459,0.80978262424469
2017,16,Germany,6.95100021362305,1.48792338371277,0.562511384487152,0.276731938123703,0.798950731754303
2017,17,Belgium,6.89099979400635,1.46378076076508,0.539770722389221,0.251343131065369,0.818091869354248
2017,18,Luxembourg,6.86299991607666,1.74194359779358,0.59662789106369,0.31883442401886,0.845089495182037
2017,19,United Kingdom,6.71400022506714,1.44163393974304,0.508190035820007,0.265428066253662,0.805335938930511
2017,20,Chile,6.65199995040894,1.25278460979462,0.376895278692245,0.0822879821062088,0.819479703903198
2017,21,United Arab Emirates,6.64799976348877,1.62634336948395,0.60834527015686,0.324489563703537,0.726798236370087
2017,22,Brazil,6.63500022888184,1.10735321044922,0.437453746795654,0.111092761158943,0.616552352905273
2017,23,Czech Republic,6.60900020599365,1.35268235206604,0.490946173667908,0.0368729270994663,0.754444003105164
2017,24,Argentina,6.59899997711182,1.18529546260834,0.494519203901291,0.059739887714386,0.695137083530426
2017,25,Mexico,6.57800006866455,1.15318381786346,0.412730008363724,0.132774114608765,0.709978997707367
2017,26,Singapore,6.57200002670288,1.69227766990662,0.549840569496155,0.46430778503418,0.949492394924164
2017,27,Malta,6.52699995040894,1.34327983856201,0.588767051696777,0.153066068887711,0.821944236755371
2017,28,Uruguay,6.4539999961853,1.21755969524384,0.57939225435257,0.178061872720718,0.719216823577881
2017,29,Guatemala,6.4539999961853,0.872001945972443,0.531310617923737,0.0772232785820961,0.540239989757538
2017,30,Panama,6.4520001411438,1.23374843597412,0.550026834011078,0.070983923971653,0.706156134605408
2017,31,France,6.44199991226196,1.43092346191406,0.470222115516663,0.172502428293228,0.844465851783752
2017,32,Thailand,6.42399978637695,1.12786877155304,0.580200731754303,0.0316127352416515,0.647239029407501
2017,33,Taiwan Province of China,6.42199993133545,1.43362653255463,0.361466586589813,0.0638292357325554,0.793984234333038
2017,34,Spain,6.40299987792969,1.38439786434174,0.408781230449677,0.0709140971302986,0.888960599899292
2017,35,Qatar,6.375,1.87076568603516,0.604130983352661,0.439299255609512,0.710098087787628
2017,36,Colombia,6.35699987411499,1.07062232494354,0.477487415075302,0.0466687418520451,0.595027923583984
2017,37,Saudi Arabia,6.3439998626709,1.53062355518341,0.449750572443008,0.27343225479126,0.590148329734802
2017,38,Trinidad and Tobago,6.16800022125244,1.36135590076447,0.518630743026733,0.0089648161083459,0.519983291625977
2017,39,Kuwait,6.10500001907349,1.63295245170593,0.496337592601776,0.215159550309181,0.632105708122253
2017,40,Slovakia,6.09800004959106,1.32539355754852,0.295817464590073,0.0242108516395092,0.712732911109924
2017,41,Bahrain,6.08699989318848,1.48841226100922,0.536746919155121,0.257042169570923,0.653133034706116
2017,42,Malaysia,6.08400011062622,1.29121541976929,0.402264982461929,0.0656007081270218,0.618784427642822
2017,43,Nicaragua,6.07100009918213,0.737299203872681,0.447551846504211,0.130687981843948,0.653095960617065
2017,44,Ecuador,6.00799989700317,1.00082039833069,0.4551981985569,0.140134647488594,0.685636222362518
2017,45,El Salvador,6.00299978256226,0.909784495830536,0.432452529668808,0.0899809598922729,0.596018552780151
2017,46,Poland,5.97300004959106,1.29178786277771,0.520342111587524,0.0593078061938286,0.699475347995758
2017,47,Uzbekistan,5.97100019454956,0.786441087722778,0.658248662948608,0.246528223156929,0.498272627592087
2017,48,Italy,5.96400022506714,1.39506661891937,0.256450712680817,0.0280280914157629,0.853144347667694
2017,49,Russia,5.96299982070923,1.28177809715271,0.373783111572266,0.0329628810286522,0.547349333763123
2017,50,Belize,5.95599985122681,0.907975316047668,0.547509372234344,0.0965810716152191,0.450191766023636
2017,51,Japan,5.92000007629395,1.41691517829895,0.505625545978546,0.163760736584663,0.913475871086121
2017,52,Lithuania,5.90199995040894,1.31458234786987,0.234231784939766,0.0118656428530812,0.62894994020462
2017,53,Algeria,5.87200021743774,1.09186446666718,0.233335807919502,0.146096110343933,0.617584645748138
2017,54,Latvia,5.84999990463257,1.26074862480164,0.325707912445068,0.0738427266478539,0.638566970825195
2017,55,South Korea,5.83799982070923,1.40167844295502,0.257921665906906,0.0632826685905457,0.900214076042175
2017,56,Moldova,5.83799982070923,0.728870630264282,0.240729048848152,0.0100912861526012,0.589465200901031
2017,57,Romania,5.82499980926514,1.21768391132355,0.457003742456436,0.00438790069893,0.685158312320709
2017,58,Bolivia,5.82299995422363,0.833756566047668,0.558732926845551,0.0604777261614799,0.473630249500275
2017,59,Turkmenistan,5.82200002670288,1.13077676296234,0.41827192902565,0.259270340204239,0.437726080417633
2017,60,Kazakhstan,5.81899976730347,1.28455626964569,0.437454283237457,0.119282886385918,0.606041550636292
2017,61,North Cyprus,5.80999994277954,1.3469113111496,0.471203625202179,0.155353352427483,0.834647238254547
2017,62,Slovenia,5.75799989700317,1.3412059545517,0.572575807571411,0.0451289787888527,0.790828227996826
2017,63,Peru,5.71500015258789,1.03522527217865,0.450002878904343,0.0470490865409374,0.630166113376617
2017,64,Mauritius,5.62900018692017,1.18939554691315,0.491247326135635,0.0421815551817417,0.638007462024689
2017,65,Cyprus,5.62099981307983,1.35593807697296,0.355111539363861,0.0412379764020443,0.84471470117569
2017,66,Estonia,5.61100006103516,1.32087934017181,0.479131430387497,0.183248922228813,0.695168316364288
2017,67,Belarus,5.56899976730347,1.15655755996704,0.295400261878967,0.156313821673393,0.637714266777039
2017,68,Libya,5.52500009536743,1.10180306434631,0.465733230113983,0.0926102101802826,0.520169019699097
2017,69,Turkey,5.5,1.19827437400818,0.300740599632263,0.0996715798974037,0.637605607509613
2017,70,Paraguay,5.49300003051758,0.932537317276001,0.473507791757584,0.091065913438797,0.579250693321228
2017,71,"Hong Kong S.A.R., China",5.47200012207031,1.55167484283447,0.490968644618988,0.293933749198914,0.943062424659729
2017,72,Philippines,5.42999982833862,0.85769921541214,0.585214674472809,0.0993318930268288,0.468009054660797
2017,73,Serbia,5.39499998092651,1.06931757926941,0.208715528249741,0.0409037806093693,0.65078467130661
2017,74,Jordan,5.33599996566772,0.991012394428253,0.418421149253845,0.11980327218771,0.604590058326721
2017,75,Hungary,5.32399988174438,1.2860119342804,0.175863519310951,0.0366369374096394,0.687763452529907
2017,76,Jamaica,5.31099987030029,0.925579309463501,0.474307239055634,0.0552677810192108,0.641022384166718
2017,77,Croatia,5.29300022125244,1.22255623340607,0.255772292613983,0.0431031100451946,0.701288521289825
2017,78,Kosovo,5.27899980545044,0.951484382152557,0.260287940502167,0.0574716180562973,0.541452050209045
2017,79,China,5.27299976348877,1.08116579055786,0.472787708044052,0.0227942746132612,0.741415500640869
2017,80,Pakistan,5.26900005340576,0.72688353061676,0.23521526157856,0.124348066747189,0.402047783136368
2017,81,Indonesia,5.26200008392334,0.995538592338562,0.443323463201523,0.0153171354904771,0.492345720529556
2017,82,Venezuela,5.25,1.12843120098114,0.153997123241425,0.0644911229610443,0.617144227027893
2017,83,Montenegro,5.23699998855591,1.12112903594971,0.194989055395126,0.0881741940975189,0.667464673519135
2017,84,Morocco,5.2350001335144,0.878114581108093,0.408158332109451,0.0877631828188896,0.59771066904068
2017,85,Azerbaijan,5.23400020599365,1.15360176563263,0.398155838251114,0.180987507104874,0.540775775909424
2017,86,Dominican Republic,5.23000001907349,1.07937383651733,0.55258983373642,0.113945253193378,0.574873745441437
2017,87,Greece,5.22700023651123,1.28948748111725,0.0957312509417534,0.04328977689147,0.810198903083801
2017,88,Lebanon,5.22499990463257,1.07498753070831,0.288515985012054,0.037513829767704,0.735081076622009
2017,89,Portugal,5.19500017166138,1.3151752948761,0.498465299606323,0.0158694516867399,0.795843541622162
2017,90,Bosnia and Herzegovina,5.18200016021729,0.982409417629242,0.204403176903725,0.0,0.705186307430267
2017,91,Honduras,5.18100023269653,0.730573117733002,0.348079860210419,0.0733454525470734,0.582569479942322
2017,92,Macedonia,5.17500019073486,1.06457793712616,0.325905978679657,0.0602777935564518,0.644948184490204
2017,93,Somalia,5.15100002288818,0.0226431842893362,0.602126955986023,0.282410323619843,0.113989137113094
2017,94,Vietnam,5.07399988174438,0.788547575473785,0.571055591106415,0.0876332372426987,0.652168989181519
2017,95,Nigeria,5.07399988174438,0.783756256103516,0.394952565431595,0.0261215660721064,0.0569157302379608
2017,96,Tajikistan,5.04099988937378,0.524713635444641,0.471566706895828,0.146377146244049,0.529235124588013
2017,97,Bhutan,5.01100015640259,0.885416388511658,0.501537680625916,0.173380389809608,0.495879292488098
2017,98,Kyrgyzstan,5.00400018692017,0.596220076084137,0.454943388700485,0.0394391790032387,0.553457796573639
2017,99,Nepal,4.96199989318848,0.479820191860199,0.440305948257446,0.0729755461215973,0.504130780696869
2017,100,Mongolia,4.95499992370605,1.02723586559296,0.394143968820572,0.0329022891819477,0.557783484458923
2017,101,South Africa,4.8289999961853,1.05469870567322,0.479246735572815,0.0725094974040985,0.187080070376396
2017,102,Tunisia,4.80499982833862,1.00726580619812,0.289680689573288,0.0867231488227844,0.613212049007416
2017,103,Palestinian Territories,4.77500009536743,0.716249227523804,0.25471106171608,0.0892826020717621,0.565666973590851
2017,104,Egypt,4.7350001335144,0.989701807498932,0.282110154628754,0.114381365478039,0.520187258720398
2017,105,Bulgaria,4.71400022506714,1.1614590883255,0.289231717586517,0.0110515309497714,0.708217680454254
2017,106,Sierra Leone,4.70900011062622,0.36842092871666,0.318697690963745,0.0710951760411263,0.0055647538974881
2017,107,Cameroon,4.69500017166138,0.564305365085602,0.430388748645782,0.0513066314160824,0.132892116904259
2017,108,Iran,4.69199991226196,1.15687310695648,0.249322608113289,0.048761073499918,0.639333188533783
2017,109,Albania,4.64400005340576,0.996192753314972,0.381498634815216,0.0398642159998417,0.731159746646881
2017,110,Bangladesh,4.60799980163574,0.586682975292206,0.478356659412384,0.123717859387398,0.533241033554077
2017,111,Namibia,4.57399988174438,0.964434325695038,0.520303547382355,0.0931469723582268,0.33861181139946
2017,112,Kenya,4.55299997329712,0.560479462146759,0.452763766050339,0.0646413192152977,0.309988349676132
2017,113,Mozambique,4.55000019073486,0.234305649995804,0.480791091918945,0.179436385631561,0.106654435396194
2017,114,Myanmar,4.54500007629395,0.367110550403595,0.514492034912109,0.188816204667091,0.397522568702698
2017,115,Senegal,4.53499984741211,0.479309022426605,0.377922266721725,0.115460447967052,0.409362852573395
2017,116,Zambia,4.51399993896484,0.636406779289246,0.461603492498398,0.0782135501503944,0.257835894823074
2017,117,Iraq,4.49700021743774,1.10271048545837,0.288555532693863,0.107215754687786,0.501180469989777
2017,118,Gabon,4.46500015258789,1.1982102394104,0.312328577041626,0.0760467872023582,0.356578588485718
2017,119,Ethiopia,4.46000003814697,0.339233845472336,0.408842742443085,0.165455713868141,0.353409707546234
2017,120,Sri Lanka,4.44000005722046,1.00985014438629,0.561213254928589,0.0736539661884308,0.625130832195282
2017,121,Armenia,4.37599992752075,0.900596737861633,0.198303267359734,0.0266744215041399,0.637524425983429
2017,122,India,4.31500005722046,0.792221248149872,0.469987004995346,0.0922268852591515,0.455427616834641
2017,123,Mauritania,4.29199981689453,0.648457288742065,0.0960980430245399,0.136957004666328,0.285349279642105
2017,124,Congo (Brazzaville),4.29099988937378,0.808964252471924,0.435025870800018,0.0796181336045265,0.28995743393898
2017,125,Georgia,4.28599977493286,0.950612664222717,0.309410035610199,0.251666635274887,0.649546980857849
2017,126,Congo (Kinshasa),4.28000020980835,0.0921023488044739,0.235961347818375,0.0602413564920425,0.191407024860382
2017,127,Mali,4.19000005722046,0.476180493831635,0.306613743305206,0.104970246553421,0.169365674257278
2017,128,Ivory Coast,4.17999982833862,0.603048920631409,0.447706192731857,0.130061775445938,0.0486421696841717
2017,129,Cambodia,4.16800022125244,0.601765096187592,0.633375823497772,0.0681059509515762,0.429783403873444
2017,130,Sudan,4.13899993896484,0.65951669216156,0.0149958552792668,0.089847519993782,0.290920823812485
2017,131,Ghana,4.11999988555908,0.667224824428558,0.423026293516159,0.0253363698720932,0.295637726783752
2017,132,Ukraine,4.09600019454956,0.89465194940567,0.122974775731564,0.0230294708162546,0.575903952121735
2017,133,Uganda,4.08099985122681,0.381430715322495,0.443185955286026,0.057069718837738,0.217632606625557
2017,134,Burkina Faso,4.03200006484985,0.3502277135849,0.324367851018906,0.120328105986118,0.215844258666039
2017,135,Niger,4.02799987792969,0.161925330758095,0.36365869641304,0.138572946190834,0.26850500702858
2017,136,Malawi,3.97000002861023,0.233442038297653,0.466914653778076,0.0727116540074348,0.315089583396912
2017,137,Chad,3.93600010871887,0.438012987375259,0.16234202682972,0.0535818822681904,0.0411347150802612
2017,138,Zimbabwe,3.875,0.375846534967422,0.336384207010269,0.0953753814101219,0.196763753890991
2017,139,Lesotho,3.80800008773804,0.521021246910095,0.390661299228668,0.119094640016556,0.0
2017,140,Angola,3.79500007629395,0.858428180217743,0.0,0.0697203353047371,0.0498686656355858
2017,141,Afghanistan,3.79399991035461,0.401477217674255,0.106179520487785,0.0611578300595284,0.180746778845787
2017,142,Botswana,3.76600003242493,1.12209415435791,0.505196332931519,0.0985831990838051,0.341755509376526
2017,143,Benin,3.65700006484985,0.431085407733917,0.425962775945663,0.0609290152788162,0.209930211305618
2017,144,Madagascar,3.64400005340576,0.305808693170547,0.189196765422821,0.0672319754958153,0.375223308801651
2017,145,Haiti,3.6029999256134,0.368610262870789,0.0303698573261499,0.0998721495270729,0.277321130037308
2017,146,Yemen,3.59299993515015,0.591683447360992,0.249463722109795,0.0567674227058887,0.310080915689468
2017,147,South Sudan,3.59100008010864,0.39724862575531,0.147062435746193,0.116793513298035,0.163486003875732
2017,148,Liberia,3.53299999237061,0.119041793048382,0.332881182432175,0.0389482490718365,0.229918196797371
2017,149,Guinea,3.50699996948242,0.244549930095673,0.348587512969971,0.110937617719173,0.194129139184952
2017,150,Togo,3.49499988555908,0.305444717407227,0.38042613863945,0.0956650152802467,0.247105568647385
2017,151,Rwanda,3.47099995613098,0.368745893239975,0.581843852996826,0.455220013856888,0.326424807310104
2017,152,Syria,3.46199989318848,0.777153134346008,0.0815394446253777,0.151347130537033,0.50053334236145
2017,153,Tanzania,3.34899997711182,0.511135876178741,0.390017777681351,0.0660351067781448,0.364509284496307
2017,154,Burundi,2.90499997138977,0.091622568666935,0.0599007532000542,0.0841479450464249,0.151610791683197
2017,155,Central African Republic,2.69300007820129,0.0,0.270842045545578,0.0565650761127472,0.0187726859003305
2018,1,Finland,7.632,1.305,0.681,0.393,0.874
2018,2,Norway,7.594,1.456,0.686,0.34,0.861
2018,3,Denmark,7.555,1.351,0.683,0.408,0.868
2018,4,Iceland,7.495,1.343,0.677,0.138,0.914
2018,5,Switzerland,7.487,1.42,0.66,0.357,0.927
2018,6,Netherlands,7.441,1.361,0.638,0.295,0.878
2018,7,Canada,7.328,1.33,0.653,0.291,0.896
2018,8,New Zealand,7.324,1.268,0.669,0.389,0.876
2018,9,Sweden,7.314,1.355,0.659,0.383,0.913
2018,10,Australia,7.272,1.34,0.647,0.302,0.91
2018,11,United Kingdom,7.19,1.244,0.464,0.082,0.888
2018,12,Austria,7.139,1.341,0.617,0.224,0.891
2018,13,Costa Rica,7.072,1.01,0.632,0.101,0.817
2018,14,Ireland,6.977,1.448,0.614,0.306,0.876
2018,15,Germany,6.965,1.34,0.586,0.28,0.861
2018,16,Belgium,6.927,1.324,0.583,0.24,0.894
2018,17,Luxembourg,6.91,1.576,0.632,0.321,0.896
2018,18,United States,6.886,1.398,0.547,0.133,0.819
2018,19,Israel,6.814,1.301,0.533,0.272,0.883
2018,20,United Arab Emirates,6.774,2.096,0.284,0.0,0.67
2018,21,Czech Republic,6.711,1.233,0.543,0.034,0.854
2018,22,Malta,6.627,1.27,0.645,0.142,0.884
2018,23,France,6.489,1.293,0.52,0.176,0.908
2018,24,Mexico,6.488,1.038,0.479,0.095,0.761
2018,25,Chile,6.476,1.131,0.431,0.061,0.808
2018,26,Taiwan,6.441,1.365,0.418,0.078,0.857
2018,27,Panama,6.43,1.112,0.597,0.063,0.759
2018,28,Brazil,6.419,0.986,0.493,0.088,0.675
2018,29,Argentina,6.388,1.073,0.57,0.054,0.744
2018,30,Guatemala,6.382,0.781,0.604,0.071,0.608
2018,31,Uruguay,6.379,1.093,0.625,0.155,0.771
2018,32,Qatar,6.374,1.649,0.654,0.171,0.748
2018,33,Saudi Arabia,6.371,1.379,0.509,0.127,0.633
2018,34,Singapore,6.343,1.529,0.631,0.457,1.008
2018,35,Malaysia,6.322,1.161,0.356,0.059,0.669
2018,36,Spain,6.31,1.251,0.449,0.074,0.965
2018,37,Colombia,6.26,0.96,0.531,0.039,0.635
2018,38,Trinidad & Tobago,6.192,1.223,0.575,0.019,0.564
2018,39,Slovakia,6.173,1.21,0.354,0.014,0.776
2018,40,El Salvador,6.167,0.806,0.461,0.082,0.639
2018,41,Nicaragua,6.141,0.668,0.527,0.128,0.7
2018,42,Poland,6.123,1.176,0.546,0.064,0.781
2018,43,Bahrain,6.105,1.338,0.594,0.123,0.698
2018,44,Uzbekistan,6.096,0.719,0.724,0.259,0.605
2018,45,Kuwait,6.083,1.474,0.554,0.106,0.675
2018,46,Thailand,6.072,1.016,0.637,0.029,0.707
2018,47,Italy,6.0,1.264,0.281,0.028,0.946
2018,48,Ecuador,5.973,0.889,0.556,0.12,0.736
2018,49,Belize,5.956,0.807,0.593,0.089,0.474
2018,50,Lithuania,5.952,1.197,0.35,0.006,0.716
2018,51,Slovenia,5.948,1.219,0.633,0.051,0.856
2018,52,Romania,5.945,1.116,0.528,0.001,0.726
2018,53,Latvia,5.933,1.148,0.363,0.066,0.671
2018,54,Japan,5.915,1.294,0.553,0.15,0.988
2018,55,Mauritius,5.891,1.09,0.584,0.05,0.684
2018,56,Jamaica,5.89,0.819,0.575,0.031,0.693
2018,57,South Korea,5.875,1.266,0.244,0.051,0.955
2018,58,Northern Cyprus,5.835,1.229,0.495,0.154,0.909
2018,59,Russia,5.81,1.151,0.399,0.025,0.599
2018,60,Kazakhstan,5.79,1.143,0.454,0.121,0.631
2018,61,Cyprus,5.762,1.229,0.423,0.035,0.909
2018,62,Bolivia,5.752,0.751,0.606,0.054,0.508
2018,63,Estonia,5.739,1.2,0.553,0.174,0.737
2018,64,Paraguay,5.681,0.835,0.541,0.074,0.615
2018,65,Peru,5.663,0.934,0.53,0.034,0.674
2018,66,Kosovo,5.662,0.855,0.448,0.023,0.578
2018,67,Moldova,5.64,0.657,0.232,0.0,0.62
2018,68,Turkmenistan,5.636,1.016,0.417,0.037,0.517
2018,69,Hungary,5.62,1.171,0.259,0.022,0.732
2018,70,Libya,5.566,0.985,0.496,0.148,0.553
2018,71,Philippines,5.524,0.775,0.643,0.105,0.513
2018,72,Honduras,5.504,0.62,0.459,0.074,0.622
2018,73,Belarus,5.483,1.039,0.307,0.154,0.7
2018,74,Turkey,5.483,1.148,0.324,0.109,0.686
2018,75,Pakistan,5.472,0.652,0.334,0.113,0.424
2018,76,Hong Kong,5.43,1.405,0.524,0.291,1.03
2018,77,Portugal,5.41,1.188,0.562,0.017,0.884
2018,78,Serbia,5.398,0.975,0.288,0.043,0.685
2018,79,Greece,5.358,1.154,0.131,0.044,0.879
2018,80,Lebanon,5.358,0.965,0.503,0.136,0.785
2018,81,Montenegro,5.347,1.017,0.259,0.081,0.729
2018,82,Croatia,5.321,1.115,0.38,0.039,0.737
2018,83,Dominican Republic,5.302,0.982,0.578,0.106,0.614
2018,84,Algeria,5.295,0.979,0.077,0.135,0.687
2018,85,Morocco,5.254,0.779,0.46,0.074,0.669
2018,86,China,5.246,0.989,0.597,0.103,0.799
2018,87,Azerbaijan,5.201,1.024,0.43,0.176,0.603
2018,88,Tajikistan,5.199,0.474,0.292,0.034,0.598
2018,89,Macedonia,5.185,0.959,0.394,0.052,0.691
2018,90,Jordan,5.161,0.822,0.468,0.134,0.645
2018,91,Nigeria,5.155,0.689,0.462,0.032,0.048
2018,92,Kyrgyzstan,5.131,0.53,0.54,0.035,0.594
2018,93,Bosnia and Herzegovina,5.129,0.915,0.28,0.0,0.758
2018,94,Mongolia,5.125,0.914,0.395,0.032,0.575
2018,95,Vietnam,5.103,0.715,0.618,0.079,0.702
2018,96,Indonesia,5.093,0.899,0.538,0.018,0.522
2018,97,Bhutan,5.082,0.796,0.541,0.171,0.527
2018,98,Somalia,4.982,0.0,0.674,0.282,0.115
2018,99,Cameroon,4.975,0.535,0.454,0.043,0.182
2018,100,Bulgaria,4.933,1.054,0.359,0.009,0.712
2018,101,Nepal,4.88,0.425,0.526,0.078,0.539
2018,102,Venezuela,4.806,0.996,0.133,0.052,0.657
2018,103,Gabon,4.758,1.036,0.356,0.052,0.404
2018,104,Palestinian Territories,4.743,0.642,0.266,0.076,0.602
2018,105,South Africa,4.724,0.94,0.516,0.056,0.33
2018,106,Iran,4.707,1.059,0.459,0.129,0.691
2018,107,Ivory Coast,4.671,0.541,0.467,0.103,0.08
2018,108,Ghana,4.657,0.592,0.499,0.029,0.337
2018,109,Senegal,4.631,0.429,0.406,0.082,0.433
2018,110,Laos,4.623,0.72,0.626,0.174,0.441
2018,111,Tunisia,4.592,0.9,0.271,0.063,0.69
2018,112,Albania,4.586,0.916,0.419,0.032,0.79
2018,113,Sierra Leone,4.571,0.256,0.355,0.053,0.0
2018,114,Congo (Brazzaville),4.559,0.682,0.514,0.077,0.343
2018,115,Bangladesh,4.5,0.532,0.58,0.144,0.579
2018,116,Sri Lanka,4.471,0.918,0.585,0.05,0.672
2018,117,Iraq,4.456,1.01,0.304,0.095,0.536
2018,118,Mali,4.447,0.37,0.367,0.056,0.152
2018,119,Namibia,4.441,0.874,0.519,0.064,0.365
2018,120,Cambodia,4.433,0.549,0.696,0.065,0.457
2018,121,Burkina Faso,4.424,0.314,0.312,0.128,0.254
2018,122,Egypt,4.419,0.885,0.312,0.107,0.553
2018,123,Mozambique,4.417,0.198,0.531,0.158,0.173
2018,124,Kenya,4.41,0.493,0.504,0.055,0.454
2018,125,Zambia,4.377,0.562,0.503,0.082,0.295
2018,126,Mauritania,4.356,0.557,0.129,0.093,0.292
2018,127,Ethiopia,4.35,0.308,0.452,0.146,0.391
2018,128,Georgia,4.34,0.853,0.375,0.215,0.643
2018,129,Armenia,4.321,0.816,0.26,0.028,0.666
2018,130,Myanmar,4.308,0.682,0.58,0.178,0.429
2018,131,Chad,4.301,0.358,0.189,0.06,0.053
2018,132,Congo (Kinshasa),4.245,0.069,0.312,0.052,0.204
2018,133,India,4.19,0.721,0.539,0.093,0.485
2018,134,Niger,4.166,0.131,0.39,0.099,0.221
2018,135,Uganda,4.161,0.322,0.45,0.061,0.237
2018,136,Benin,4.141,0.378,0.44,0.067,0.24
2018,137,Sudan,4.139,0.605,0.016,0.082,0.312
2018,138,Ukraine,4.103,0.793,0.163,0.011,0.609
2018,139,Togo,3.999,0.259,0.434,0.101,0.253
2018,140,Guinea,3.964,0.344,0.394,0.094,0.211
2018,141,Lesotho,3.808,0.472,0.423,0.112,0.079
2018,142,Angola,3.795,0.73,0.0,0.061,0.269
2018,143,Madagascar,3.774,0.262,0.221,0.049,0.402
2018,144,Zimbabwe,3.692,0.357,0.406,0.099,0.248
2018,145,Afghanistan,3.632,0.332,0.085,0.036,0.255
2018,146,Botswana,3.59,1.017,0.557,0.092,0.417
2018,147,Malawi,3.587,0.186,0.531,0.08,0.306
2018,148,Haiti,3.582,0.315,0.025,0.104,0.289
2018,149,Liberia,3.495,0.076,0.419,0.03,0.267
2018,150,Syria,3.462,0.689,0.088,0.144,0.539
2018,151,Rwanda,3.408,0.332,0.636,0.444,0.4
2018,152,Yemen,3.355,0.442,0.244,0.064,0.343
2018,153,Tanzania,3.303,0.455,0.481,0.097,0.381
2018,154,South Sudan,3.254,0.337,0.112,0.106,0.177
2018,155,Central African Republic,3.083,0.024,0.305,0.038,0.01
2018,156,Burundi,2.905,0.091,0.065,0.076,0.145
2019,1,Finland,7.769,1.34,0.596,0.393,0.986
2019,2,Denmark,7.6,1.383,0.592,0.41,0.996
2019,3,Norway,7.554,1.488,0.603,0.341,1.028
2019,4,Iceland,7.494,1.38,0.591,0.118,1.026
2019,5,Netherlands,7.488,1.396,0.557,0.298,0.999
2019,6,Switzerland,7.48,1.452,0.572,0.343,1.052
2019,7,Sweden,7.343,1.387,0.574,0.373,1.009
2019,8,New Zealand,7.307,1.303,0.585,0.38,1.026
2019,9,Canada,7.278,1.365,0.584,0.308,1.039
2019,10,Austria,7.246,1.376,0.532,0.226,1.016
2019,11,Australia,7.228,1.372,0.557,0.29,1.036
2019,12,Costa Rica,7.167,1.034,0.558,0.093,0.963
2019,13,Israel,7.139,1.276,0.371,0.082,1.029
2019,14,Luxembourg,7.09,1.609,0.526,0.316,1.012
2019,15,United Kingdom,7.054,1.333,0.45,0.278,0.996
2019,16,Ireland,7.021,1.499,0.516,0.31,0.999
2019,17,Germany,6.985,1.373,0.495,0.265,0.987
2019,18,Belgium,6.923,1.356,0.473,0.21,0.986
2019,19,United States,6.892,1.433,0.454,0.128,0.874
2019,20,Czech Republic,6.852,1.269,0.457,0.036,0.92
2019,21,United Arab Emirates,6.825,1.503,0.598,0.182,0.825
2019,22,Malta,6.726,1.3,0.564,0.151,0.999
2019,23,Mexico,6.595,1.07,0.433,0.073,0.861
2019,24,France,6.592,1.324,0.436,0.183,1.045
2019,25,Taiwan,6.446,1.368,0.351,0.097,0.914
2019,26,Chile,6.444,1.159,0.357,0.056,0.92
2019,27,Guatemala,6.436,0.8,0.535,0.078,0.746
2019,28,Saudi Arabia,6.375,1.403,0.439,0.132,0.795
2019,29,Qatar,6.374,1.684,0.555,0.167,0.871
2019,30,Spain,6.354,1.286,0.362,0.079,1.062
2019,31,Panama,6.321,1.149,0.516,0.054,0.91
2019,32,Brazil,6.3,1.004,0.39,0.086,0.802
2019,33,Uruguay,6.293,1.124,0.523,0.15,0.891
2019,34,Singapore,6.262,1.572,0.556,0.453,1.141
2019,35,El Salvador,6.253,0.794,0.43,0.074,0.789
2019,36,Italy,6.223,1.294,0.231,0.03,1.039
2019,37,Bahrain,6.199,1.362,0.536,0.11,0.871
2019,38,Slovakia,6.198,1.246,0.334,0.014,0.881
2019,39,Trinidad & Tobago,6.192,1.231,0.489,0.016,0.713
2019,40,Poland,6.182,1.206,0.483,0.05,0.884
2019,41,Uzbekistan,6.174,0.745,0.631,0.24,0.756
2019,42,Lithuania,6.149,1.238,0.291,0.042,0.818
2019,43,Colombia,6.125,0.985,0.47,0.034,0.841
2019,44,Slovenia,6.118,1.258,0.564,0.057,0.953
2019,45,Nicaragua,6.105,0.694,0.435,0.127,0.835
2019,46,Kosovo,6.1,0.882,0.489,0.006,0.758
2019,47,Argentina,6.086,1.092,0.471,0.05,0.881
2019,48,Romania,6.07,1.162,0.462,0.005,0.825
2019,49,Cyprus,6.046,1.263,0.406,0.041,1.042
2019,50,Ecuador,6.028,0.912,0.498,0.087,0.868
2019,51,Kuwait,6.021,1.5,0.493,0.097,0.808
2019,52,Thailand,6.008,1.05,0.557,0.028,0.828
2019,53,Latvia,5.94,1.187,0.264,0.064,0.812
2019,54,South Korea,5.895,1.301,0.159,0.056,1.036
2019,55,Estonia,5.893,1.237,0.495,0.161,0.874
2019,56,Jamaica,5.89,0.831,0.49,0.028,0.831
2019,57,Mauritius,5.888,1.12,0.498,0.06,0.798
2019,58,Japan,5.886,1.327,0.445,0.14,1.088
2019,59,Honduras,5.86,0.642,0.507,0.078,0.828
2019,60,Kazakhstan,5.809,1.173,0.41,0.096,0.729
2019,61,Bolivia,5.779,0.776,0.511,0.064,0.706
2019,62,Hungary,5.758,1.201,0.199,0.02,0.828
2019,63,Paraguay,5.743,0.855,0.514,0.08,0.777
2019,64,Northern Cyprus,5.718,1.263,0.417,0.162,1.042
2019,65,Peru,5.697,0.96,0.455,0.027,0.854
2019,66,Portugal,5.693,1.221,0.508,0.025,0.999
2019,67,Pakistan,5.653,0.677,0.313,0.098,0.535
2019,68,Russia,5.648,1.183,0.334,0.031,0.726
2019,69,Philippines,5.631,0.807,0.558,0.107,0.657
2019,70,Serbia,5.603,1.004,0.282,0.039,0.854
2019,71,Moldova,5.529,0.685,0.245,0.0,0.739
2019,72,Libya,5.525,1.044,0.416,0.152,0.673
2019,73,Montenegro,5.523,1.051,0.197,0.08,0.871
2019,74,Tajikistan,5.467,0.493,0.389,0.144,0.718
2019,75,Croatia,5.432,1.155,0.296,0.022,0.914
2019,76,Hong Kong,5.43,1.438,0.44,0.287,1.122
2019,77,Dominican Republic,5.425,1.015,0.497,0.101,0.779
2019,78,Bosnia and Herzegovina,5.386,0.945,0.212,0.006,0.845
2019,79,Turkey,5.373,1.183,0.195,0.106,0.808
2019,80,Malaysia,5.339,1.221,0.508,0.024,0.828
2019,81,Belarus,5.323,1.067,0.235,0.142,0.789
2019,82,Greece,5.287,1.181,0.067,0.034,0.999
2019,83,Mongolia,5.285,0.948,0.317,0.038,0.667
2019,84,North Macedonia,5.274,0.983,0.345,0.034,0.838
2019,85,Nigeria,5.265,0.696,0.426,0.041,0.245
2019,86,Kyrgyzstan,5.261,0.551,0.508,0.023,0.723
2019,87,Turkmenistan,5.247,1.052,0.394,0.028,0.657
2019,88,Algeria,5.211,1.002,0.086,0.114,0.785
2019,89,Morocco,5.208,0.801,0.418,0.076,0.782
2019,90,Azerbaijan,5.208,1.043,0.351,0.182,0.769
2019,91,Lebanon,5.197,0.987,0.216,0.027,0.815
2019,92,Indonesia,5.192,0.931,0.491,0.028,0.66
2019,93,China,5.191,1.029,0.521,0.1,0.893
2019,94,Vietnam,5.175,0.741,0.543,0.073,0.851
2019,95,Bhutan,5.082,0.813,0.457,0.167,0.604
2019,96,Cameroon,5.044,0.549,0.381,0.037,0.331
2019,97,Bulgaria,5.011,1.092,0.311,0.004,0.815
2019,98,Ghana,4.996,0.611,0.381,0.04,0.486
2019,99,Ivory Coast,4.944,0.569,0.352,0.09,0.232
2019,100,Nepal,4.913,0.446,0.439,0.089,0.677
2019,101,Jordan,4.906,0.837,0.383,0.13,0.815
2019,102,Benin,4.883,0.393,0.349,0.082,0.397
2019,103,Congo (Brazzaville),4.812,0.673,0.372,0.093,0.508
2019,104,Gabon,4.799,1.057,0.295,0.055,0.571
2019,105,Laos,4.796,0.764,0.547,0.164,0.551
2019,106,South Africa,4.722,0.96,0.389,0.055,0.469
2019,107,Albania,4.719,0.947,0.383,0.027,0.874
2019,108,Venezuela,4.707,0.96,0.154,0.047,0.805
2019,109,Cambodia,4.7,0.574,0.609,0.062,0.637
2019,110,Palestinian Territories,4.696,0.657,0.225,0.066,0.672
2019,111,Senegal,4.681,0.45,0.292,0.072,0.571
2019,112,Somalia,4.668,0.0,0.559,0.27,0.268
2019,113,Namibia,4.639,0.879,0.401,0.056,0.477
2019,114,Niger,4.628,0.138,0.318,0.102,0.366
2019,115,Burkina Faso,4.587,0.331,0.255,0.113,0.38
2019,116,Armenia,4.559,0.85,0.283,0.064,0.815
2019,117,Iran,4.548,1.1,0.305,0.125,0.785
2019,118,Guinea,4.534,0.38,0.332,0.086,0.375
2019,119,Georgia,4.519,0.886,0.346,0.164,0.752
2019,120,Gambia,4.516,0.308,0.382,0.167,0.428
2019,121,Kenya,4.509,0.512,0.431,0.053,0.581
2019,122,Mauritania,4.49,0.57,0.066,0.088,0.489
2019,123,Mozambique,4.466,0.204,0.494,0.138,0.39
2019,124,Tunisia,4.461,0.921,0.167,0.055,0.815
2019,125,Bangladesh,4.456,0.562,0.527,0.143,0.723
2019,126,Iraq,4.437,1.043,0.241,0.089,0.574
2019,127,Congo (Kinshasa),4.418,0.094,0.269,0.053,0.357
2019,128,Mali,4.39,0.385,0.327,0.052,0.308
2019,129,Sierra Leone,4.374,0.268,0.309,0.045,0.242
2019,130,Sri Lanka,4.366,0.949,0.47,0.047,0.831
2019,131,Myanmar,4.36,0.71,0.525,0.172,0.555
2019,132,Chad,4.35,0.35,0.174,0.078,0.192
2019,133,Ukraine,4.332,0.82,0.178,0.01,0.739
2019,134,Ethiopia,4.286,0.336,0.344,0.1,0.532
2019,135,Swaziland,4.212,0.811,0.313,0.135,0.0
2019,136,Uganda,4.189,0.332,0.356,0.06,0.443
2019,137,Egypt,4.166,0.913,0.241,0.067,0.644
2019,138,Zambia,4.107,0.578,0.431,0.087,0.426
2019,139,Togo,4.085,0.275,0.293,0.085,0.41
2019,140,India,4.015,0.755,0.498,0.085,0.588
2019,141,Liberia,3.975,0.073,0.37,0.033,0.443
2019,142,Comoros,3.973,0.274,0.142,0.078,0.505
2019,143,Madagascar,3.933,0.274,0.148,0.041,0.555
2019,144,Lesotho,3.802,0.489,0.359,0.093,0.168
2019,145,Burundi,3.775,0.046,0.22,0.18,0.38
2019,146,Zimbabwe,3.663,0.366,0.361,0.089,0.433
2019,147,Haiti,3.597,0.323,0.026,0.11,0.449
2019,148,Botswana,3.488,1.041,0.455,0.1,0.538
2019,149,Syria,3.462,0.619,0.013,0.141,0.44
2019,150,Malawi,3.41,0.191,0.443,0.089,0.495
2019,151,Yemen,3.38,0.287,0.143,0.077,0.463
2019,152,Rwanda,3.334,0.359,0.555,0.411,0.614
2019,153,Tanzania,3.231,0.476,0.417,0.147,0.499
2019,154,Afghanistan,3.203,0.35,0.0,0.025,0.361
2019,155,Central African Republic,3.083,0.026,0.225,0.035,0.105
2019,156,South Sudan,2.853,0.306,0.01,0.091,0.295
